{"errors":[],"warnings":[],"namedChunkGroups":{"app":{"chunks":[15,2],"assets":["webpack-runtime-9c6ef5b53f5e2d400a16.js","webpack-runtime-9c6ef5b53f5e2d400a16.js.map","app-30a7802fbd9c8a839276.js","app-30a7802fbd9c8a839276.js.map"],"children":{},"childAssets":{}},"component---src-templates-md-template-js":{"chunks":[0,14,1,3],"assets":["0-ebe860a4a427489017c0.js","0-ebe860a4a427489017c0.js.map","14-e216365a3caf2f113da0.js","14-e216365a3caf2f113da0.js.map","1.73050c57a463aec381f4.css","1-30262843f42e76722b9c.js","1.73050c57a463aec381f4.css.map","1-30262843f42e76722b9c.js.map","component---src-templates-md-template-js-8f7d3c00092ccfec218f.js","component---src-templates-md-template-js-8f7d3c00092ccfec218f.js.map"],"children":{},"childAssets":{}},"component---src-pages-404-js":{"chunks":[0,1,4],"assets":["0-ebe860a4a427489017c0.js","0-ebe860a4a427489017c0.js.map","1.73050c57a463aec381f4.css","1-30262843f42e76722b9c.js","1.73050c57a463aec381f4.css.map","1-30262843f42e76722b9c.js.map","component---src-pages-404-js-7e5ff6eec3d5989cc5a5.js","component---src-pages-404-js-7e5ff6eec3d5989cc5a5.js.map"],"children":{},"childAssets":{}},"component---src-pages-component-js":{"chunks":[0,1,5],"assets":["0-ebe860a4a427489017c0.js","0-ebe860a4a427489017c0.js.map","1.73050c57a463aec381f4.css","1-30262843f42e76722b9c.js","1.73050c57a463aec381f4.css.map","1-30262843f42e76722b9c.js.map","component---src-pages-component-js-bc889e1fa14f3af5de62.js","component---src-pages-component-js-bc889e1fa14f3af5de62.js.map"],"children":{},"childAssets":{}},"component---src-pages-index-js":{"chunks":[0,1,6],"assets":["0-ebe860a4a427489017c0.js","0-ebe860a4a427489017c0.js.map","1.73050c57a463aec381f4.css","1-30262843f42e76722b9c.js","1.73050c57a463aec381f4.css.map","1-30262843f42e76722b9c.js.map","component---src-pages-index-js-7f6c54c31cba3f3f05c0.js","component---src-pages-index-js-7f6c54c31cba3f3f05c0.js.map"],"children":{},"childAssets":{}},"en_CA0":{"chunks":[8],"assets":["en_CA0-eeff74f671d8ef5243e3.js","en_CA0-eeff74f671d8ef5243e3.js.map"],"children":{},"childAssets":{}},"en_CA1":{"chunks":[9],"assets":["en_CA1-694ce6672ffcc93593da.js","en_CA1-694ce6672ffcc93593da.js.map"],"children":{},"childAssets":{}},"en_CA2":{"chunks":[10],"assets":["en_CA2-1fc76591a55a4c3b0af3.js","en_CA2-1fc76591a55a4c3b0af3.js.map"],"children":{},"childAssets":{}},"fr_CA0":{"chunks":[11],"assets":["fr_CA0-dd4f3f6bf2dad14e53bb.js","fr_CA0-dd4f3f6bf2dad14e53bb.js.map"],"children":{},"childAssets":{}},"fr_CA1":{"chunks":[12],"assets":["fr_CA1-1cc695baf6c4399af54c.js","fr_CA1-1cc695baf6c4399af54c.js.map"],"children":{},"childAssets":{}},"fr_CA2":{"chunks":[13],"assets":["fr_CA2-2e0187f61a865a59f4cd.js","fr_CA2-2e0187f61a865a59f4cd.js.map"],"children":{},"childAssets":{}}},"assetsByChunkName":{"app":["webpack-runtime-9c6ef5b53f5e2d400a16.js","app-30a7802fbd9c8a839276.js"],"component---src-templates-md-template-js":["0-ebe860a4a427489017c0.js","14-e216365a3caf2f113da0.js","1.73050c57a463aec381f4.css","1-30262843f42e76722b9c.js","component---src-templates-md-template-js-8f7d3c00092ccfec218f.js"],"component---src-pages-404-js":["0-ebe860a4a427489017c0.js","1.73050c57a463aec381f4.css","1-30262843f42e76722b9c.js","component---src-pages-404-js-7e5ff6eec3d5989cc5a5.js"],"component---src-pages-component-js":["0-ebe860a4a427489017c0.js","1.73050c57a463aec381f4.css","1-30262843f42e76722b9c.js","component---src-pages-component-js-bc889e1fa14f3af5de62.js"],"component---src-pages-index-js":["0-ebe860a4a427489017c0.js","1.73050c57a463aec381f4.css","1-30262843f42e76722b9c.js","component---src-pages-index-js-7f6c54c31cba3f3f05c0.js"],"en_CA0":["en_CA0-eeff74f671d8ef5243e3.js"],"en_CA1":["en_CA1-694ce6672ffcc93593da.js"],"en_CA2":["en_CA2-1fc76591a55a4c3b0af3.js"],"fr_CA0":["fr_CA0-dd4f3f6bf2dad14e53bb.js"],"fr_CA1":["fr_CA1-1cc695baf6c4399af54c.js"],"fr_CA2":["fr_CA2-2e0187f61a865a59f4cd.js"]}}